series_id,model_variable,concept,source_institution,dataset,source_url,unit,start_year,end_year,frequency,observation_type,status,notes
wb_population,pop,Global population,World Bank,World Development Indicators SP.POP.TOTL,https://api.worldbank.org/v2/country/WLD/indicator/SP.POP.TOTL,persons,1960,2025,annual,empirical,ingested_snapshot_2026_08_28,Temporary population source until the UN WPP vintage is added; 2025 may be an estimate
un_wpp2024_world_estimates,pop,Global population benchmark estimates,United Nations DESA Population Division,World Population Prospects 2024,https://www.un.org/development/desa/pd/content/World-Population-Prospects-2024,persons,1950,2023,annual,empirical,benchmark_guardrail,"World total population estimates; secondary OWID transport is frozen in the repository; used only as benchmark/plausibility guardrail, not as a fitted central population target; full primary-file freeze remains a provenance-closure task"
un_wpp2024_world_medium_projection,pop,Global population benchmark medium projection,United Nations DESA Population Division,World Population Prospects 2024,https://www.un.org/development/desa/pd/content/World-Population-Prospects-2024,persons,2024,2100,annual,scenario_only,benchmark_guardrail,"World total population medium projection; secondary OWID transport is frozen in the repository; used only as benchmark/plausibility guardrail, not as an empirical observation or fitted central target"
wb_industry_value_added,io,Industrial output proxy,World Bank,World Development Indicators NV.IND.TOTL.KD,https://api.worldbank.org/v2/country/WLD/indicator/NV.IND.TOTL.KD,constant 2015 USD,1992,2025,annual,empirical,ingested_snapshot_2026_08_28,Industry including construction; conceptual mapping to World3 industrial output remains provisional; 2025 may be incomplete
unido_world_mva,io,Manufacturing output proxy,UNIDO,National Accounts Database MvaCod / Pop,https://stat.unido.org/portal/dataset/getDataset/NATIONAL_ACCOUNTS,constant 2020 USD per person; index 2015=100,1990,2025,annual,empirical,ingested_diagnostic_2026_09_07,Official WORLD aggregate; 2025 is a UNIDO estimate; excludes construction; MVA is monetary value added rather than World3 gross physical output; portal unit label and base-year metadata conflict is recorded in provenance
unido_world_iip_public_balanced,io,Manufacturing gross-output volume per person,UNIDO,Index of Industrial Production ISIC Rev.4,https://stat.unido.org/portal/dataset/getDataset/IIP,public balanced-panel IIP divided by population; index 2015=100,2005,2025,annual,empirical,ingested_diagnostic_2026_09_08,Reconstructed from 101 complete country series using fixed 2020 current-USD MVA weights; covers 94.49% of available 2020 MVA weight; real gross manufacturing output is closer to World3 than monetary value added but excludes non-manufacturing industry; UNIDO unpublished imputations are unavailable so this is not the official world aggregate
wb_food_production_index,fpc,Food production per person proxy,World Bank,World Development Indicators AG.PRD.FOOD.XD,https://api.worldbank.org/v2/country/WLD/indicator/AG.PRD.FOOD.XD,index divided by population,1961,2020,annual,empirical,excluded_from_calibration,Normalized per-capita proxy; methodological discontinuity and insufficient holdout coverage; physical FAOSTAT data required
faostat_food_per_capita,fpc,Food production per person,FAO,FAOSTAT Production Indices — World Food gross per capita,https://www.fao.org/faostat/en/#data/QI,index 2014-2016=100,1961,2024,annual,empirical,central_observation_snapshot_2026_08_28,"Primary FAOSTAT series used by the retained Joint 2026 observation layer; frozen remote archive URL size and SHA-256 are recorded in remote_inputs.json; replaces the excluded World Bank food proxy for central calibration"
undp_world_hdi,hwi,Human development proxy for World3 human welfare,UNDP,Human Development Report 2025 — HDI time series,https://hdr.undp.org/data-center/documentation-and-downloads,index 0-1,1990,2023,annual,empirical,central_observation_proxy_adapter_2026_08_28,"World HDI used as the central empirical proxy for World3 HWI; HDI is not identical to the World3 human-welfare construct; frozen transport is an OWID adapter and full official-primary-file freeze remains a provenance-closure task"
ei_primary_energy,nrur,Primary energy supply and fuel mix,Energy Institute,Statistical Review of World Energy 2026,https://www.energyinst.org/statistical-review/resources-and-data-downloads,exajoules/year,1965,2025,annual,empirical,ingested_snapshot_2026_08_30,Constrains gross energy and the fossil share; does not directly observe the World3 resource stock or EROI; source-file hash recorded in provenance JSON
aramendia_global_fossil_eroi,,Global fossil-fuel EROI by accounting boundary,Aramendia et al.,Figshare dataset 25311358,https://doi.org/10.6084/m9.figshare.25311358,energy returned per energy invested,1971,2020,annual,empirical,ingested_snapshot_2026_08_30,Primary final and useful boundaries plus indirect-energy variants retained separately; not a direct World3 state observation
nasa_gistemp_global,ppol,Global surface temperature anomaly,NASA GISS,GISTEMP v4 Land-Ocean Temperature Index,https://data.giss.nasa.gov/gistemp/,degrees Celsius relative to 1951-1980,1880,2025,annual,empirical,ingested_snapshot_2026_08_31,Observed climate state for extension audits; not interchangeable with World3 persistent pollution and not yet a central feedback
regional_cereal_climate,,Country cereal production with temperature and precipitation anomalies,FAOSTAT and Copernicus ERA5 via OWID,Cereal production and annual climate anomaly panel,https://ourworldindata.org/grapher/annual-temperature-anomalies,country-year panel,1961,2024,annual,empirical,ingested_snapshot_2026_08_31,M49-to-ISO3 mapping excludes regional aggregates; for screening regional agricultural stress; annual country means do not measure soil moisture or crop calendars
technology_mineral_production,,Mine production by technology mineral,USGS and BGS via OWID; USGS MCS 2026,Global mine production of minerals and Mineral Commodity Summaries 2026,https://doi.org/10.5066/P1WKQ63T,tonnes/year by commodity,1900,2025,annual,empirical,ingested_risk_registry_2026_09_08,"Copper nickel lithium cobalt rare earths and natural graphite remain separate; 2025 is estimated; observed flow is not used to calibrate the latent World3 resource stock"
wb_fossil_co2,ppol,CO2 emissions flow proxy,World Bank,World Development Indicators EN.GHG.CO2.MT.CE.AR5,https://api.worldbank.org/v2/country/WLD/indicator/EN.GHG.CO2.MT.CE.AR5,Mt CO2e/year,1970,2024,annual,empirical,central_observation_bridge_target,"Annual emissions flow used by the retained pollution-pressure observation bridge after normalization to 1990=100; this is not a direct observation of the World3 persistent-pollution stock and does not by itself validate the persistent-pollution feedback structure; AR5 conversion factors"
edgar_ghg,ppol,Greenhouse gas emissions,European Commission JRC,EDGAR,https://edgar.jrc.ec.europa.eu/,CO2e/year,1970,2024,annual,empirical,pending_ingestion,Retain gases separately before aggregation
world3_persistent_pollution,ppol,Persistent pollution stock,World3,Latent model construct,,dimensionless index,1900,2100,model,latent,not_observed,Must not be presented as a directly observed global series
institutional_collapse,,Institutional breakdown,Scenario module,Not assigned,,scenario index,2025,2035,scenario,scenario_only,excluded_from_calibration,No empirically identified global equation yet
